id,score,label
1702.02348,0,0
1602.02231,1,0
0905.3382,0,0
1707.06475,0,0
1312.0924,1,1
astro-ph/9903457,1,1
1705.01790,0,0
1008.4588,1,0
0711.3653,0,0
astro-ph/0107103,1,1
1507.01535,0,0
astro-ph/9708184,1,0
1202.0354,1,1
hep-ph/0603244,0,0
astro-ph/9705133,1,0
0802.3219,1,1
1611.00359,1,1
1410.1766,0,1
0903.1718,0,0
1201.0748,0,0
